{
  "config": {
    "name": "T4.4 Early Stopping Benchmark",
    "timestamp": "2026-02-03T15:37:01.169482",
    "training": {
      "max_epochs": 100,
      "learning_rate": 0.001,
      "batch_size": 32,
      "seed": 42,
      "device": "cpu"
    },
    "model": {
      "input_dim": 48,
      "hidden_dim": 64,
      "num_hidden_layers": 3
    },
    "early_stopping": {
      "patience": 10,
      "min_delta": 0.0001,
      "mode": "min"
    }
  },
  "baseline_results": {
    "method": "no_early_stopping",
    "epochs_run": 100,
    "best_epoch": 14,
    "best_val_loss": 0.0019423464545980096,
    "final_train_loss": 2.050902945814993e-05,
    "final_val_loss": 0.0027182474732398987,
    "total_time_sec": 0.8506357669830322,
    "train_losses": [
      0.07938428832726045,
      0.016470979433506727,
      0.005892574660141359,
      0.0024401412916962395,
      0.0018194073768840594,
      0.0015671824644827707,
      0.0015578954057259994,
      0.001456533341710879,
      0.0013699872493320568,
      0.00137435024688867,
      0.0013243849177590826,
      0.0013018712792968886,
      0.0012630731375379996,
      0.001254470616748387,
      0.0012292746263979511,
      0.0012277911353686993,
      0.0011562562484124844,
      0.0011004521458579059,
      0.0011358310902406547,
      0.0011213877534663136,
      0.0011349965193816884,
      0.0010643078289418058,
      0.001046215813733976,
      0.0010209161767058752,
      0.0009498506657440554,
      0.0008997223869135433,
      0.0009271892883010547,
      0.0008836420919661495,
      0.0008976187726313418,
      0.0008074487665329467,
      0.0007798131528860805,
      0.0007072334622286937,
      0.0007005679071880877,
      0.0006332266520158472,
      0.0006242142355238849,
      0.0005911342820829966,
      0.0006095351921182803,
      0.0005685730191709644,
      0.0005255357351746749,
      0.0005072328997564248,
      0.0004780742720785466,
      0.0004907360522669147,
      0.00042471557257654655,
      0.0003948164521716535,
      0.0003554467111825943,
      0.00034557177357121623,
      0.00034084676140496,
      0.0002843083387812261,
      0.0002674964820140634,
      0.00027640275419054723,
      0.00027460418509277093,
      0.00024076128664257175,
      0.0002489095998250625,
      0.00021916020606030625,
      0.00021577331062871963,
      0.00022359731585972688,
      0.00019143268251685765,
      0.00020052228898169812,
      0.00019804694470208645,
      0.00014942985977871683,
      0.0001319854848340831,
      0.00014661822602978316,
      0.00013829218832225624,
      0.00017057993814391509,
      0.00013474636679430577,
      0.00012139682009795003,
      8.772076299382289e-05,
      8.932711452044632e-05,
      8.400400177131154e-05,
      8.189906591062687e-05,
      6.460970888094215e-05,
      6.1570798689817e-05,
      5.591334014421921e-05,
      5.230918924842792e-05,
      5.068782626370773e-05,
      5.22844976248135e-05,
      4.015518094423566e-05,
      4.0216648068797603e-05,
      3.61356310763354e-05,
      4.4711602888789706e-05,
      6.374976278907111e-05,
      7.028611170508984e-05,
      5.827540305538357e-05,
      4.2764569364160046e-05,
      4.115100620600226e-05,
      4.17686357898426e-05,
      4.759965949316128e-05,
      3.6541592635330744e-05,
      3.192485382896848e-05,
      2.2713668179428417e-05,
      1.917985561952016e-05,
      1.438844777691305e-05,
      1.6996800117009446e-05,
      1.4830880817581518e-05,
      1.3496277626307512e-05,
      1.4418512571203543e-05,
      1.9692615751409903e-05,
      2.051144119005502e-05,
      1.7582944813263815e-05,
      2.050902945814993e-05
    ],
    "val_losses": [
      0.036592476069927216,
      0.010780109092593193,
      0.0030942761804908514,
      0.0024125981144607067,
      0.002127713058143854,
      0.002060578903183341,
      0.0020167147740721703,
      0.002086211694404483,
      0.002008722396567464,
      0.002131013898178935,
      0.002034479286521673,
      0.0020371766295284033,
      0.0020257250871509314,
      0.0019423464545980096,
      0.002076950157061219,
      0.0020120313856750727,
      0.0020697552245110273,
      0.001992238452658057,
      0.0019723838195204735,
      0.002110966481268406,
      0.002048927592113614,
      0.0020187427289783955,
      0.0020968501921743155,
      0.001979544060304761,
      0.00214598816819489,
      0.0020119319669902325,
      0.0021010362543165684,
      0.0021097075659781694,
      0.001997737679630518,
      0.002274712547659874,
      0.0021203181240707636,
      0.0021594250574707985,
      0.0021913046948611736,
      0.0021609237883239985,
      0.0022393064573407173,
      0.0022975143510848284,
      0.0022829612717032433,
      0.0023866244591772556,
      0.002368347952142358,
      0.0022463067434728146,
      0.0024250478018075228,
      0.00249581690877676,
      0.0023655553814023733,
      0.0023762264754623175,
      0.0024482207372784615,
      0.0025071073323488235,
      0.002511251950636506,
      0.002437272574752569,
      0.0025841875467449427,
      0.002598539926111698,
      0.0025638090446591377,
      0.0025336877442896366,
      0.002675888827070594,
      0.002599341096356511,
      0.002717019757255912,
      0.0026407274417579174,
      0.002691436093300581,
      0.002726915990933776,
      0.0026664447505027056,
      0.0026393881998956203,
      0.002612181007862091,
      0.0027056147810071707,
      0.0027429398614913225,
      0.0027131803799420595,
      0.0026510513853281736,
      0.002691380912438035,
      0.002688156208023429,
      0.0026473829057067633,
      0.0026224099565297365,
      0.0027810384053736925,
      0.00260863546282053,
      0.0027091323863714933,
      0.002730732085183263,
      0.0026459787040948868,
      0.0026968042366206646,
      0.0026501277461647987,
      0.002685150131583214,
      0.002711784327402711,
      0.002727182349190116,
      0.002682009246200323,
      0.0026896698400378227,
      0.0027995172422379255,
      0.002607212169095874,
      0.002676392439752817,
      0.0026933099143207073,
      0.0027751994784921408,
      0.0027333837933838367,
      0.002715508919209242,
      0.002687013940885663,
      0.002775410423055291,
      0.002689945511519909,
      0.002694245893508196,
      0.0027019744738936424,
      0.002737465314567089,
      0.0027298571076244116,
      0.00266895885579288,
      0.0027701007202267647,
      0.0027240964118391275,
      0.0027368587907403708,
      0.0027182474732398987
    ],
    "wasted_epochs": 86
  },
  "early_stopping_results": {
    "method": "early_stopping",
    "patience": 10,
    "min_delta": 0.0001,
    "epochs_run": 17,
    "best_epoch": 7,
    "best_val_loss": 0.0020167147740721703,
    "final_train_loss": 0.0011562562484124844,
    "final_val_loss": 0.0020697552245110273,
    "total_time_sec": 0.16623902320861816,
    "train_losses": [
      0.07938428832726045,
      0.016470979433506727,
      0.005892574660141359,
      0.0024401412916962395,
      0.0018194073768840594,
      0.0015671824644827707,
      0.0015578954057259994,
      0.001456533341710879,
      0.0013699872493320568,
      0.00137435024688867,
      0.0013243849177590826,
      0.0013018712792968886,
      0.0012630731375379996,
      0.001254470616748387,
      0.0012292746263979511,
      0.0012277911353686993,
      0.0011562562484124844
    ],
    "val_losses": [
      0.036592476069927216,
      0.010780109092593193,
      0.0030942761804908514,
      0.0024125981144607067,
      0.002127713058143854,
      0.002060578903183341,
      0.0020167147740721703,
      0.002086211694404483,
      0.002008722396567464,
      0.002131013898178935,
      0.002034479286521673,
      0.0020371766295284033,
      0.0020257250871509314,
      0.0019423464545980096,
      0.002076950157061219,
      0.0020120313856750727,
      0.0020697552245110273
    ],
    "early_stopped": true,