{
  "config": {
    "name": "T4 Baseline Benchmark",
    "timestamp": "2026-02-03T15:28:04.893716",
    "training": {
      "num_epochs": 20,
      "learning_rate": 0.001,
      "batch_size": 32,
      "seed": 42,
      "device": "cpu"
    },
    "model": {
      "input_dim": 48,
      "hidden_dim": 64,
      "num_hidden_layers": 3,
      "activation": "tanh",
      "output_activation": "softplus"
    },
    "data": {
      "xstate_path": "E:\\AI Tools\\AI Workflow OS\\projects\\dgsf\\legacy\\DGSF\\data\\full\\xstate_monthly_final.parquet",
      "returns_path": "E:\\AI Tools\\AI Workflow OS\\projects\\dgsf\\legacy\\DGSF\\data\\final\\monthly_returns.parquet"
    }
  },
  "data": {
    "is_real_data": false,
    "n_train": 350,
    "n_val": 75,
    "n_test": 75,
    "n_features": 48
  },
  "model": {
    "n_parameters": 11521
  },
  "timing": {
    "total_training_time_sec": 0.19508099555969238,
    "avg_epoch_time_sec": 0.009678852558135987,
    "min_epoch_time_sec": 0.0070111751556396484,
    "max_epoch_time_sec": 0.01701068878173828,
    "epoch_times": [
      0.01701068878173828,
      0.00850820541381836,
      0.010009288787841797,
      0.010019779205322266,
      0.008467435836791992,
      0.010516166687011719,
      0.008279085159301758,
      0.010030508041381836,
      0.009579181671142578,
      0.009010076522827148,
      0.010575294494628906,
      0.008044958114624023,
      0.009532451629638672,
      0.008005619049072266,
      0.009003162384033203,
      0.0070111751556396484,
      0.00939321517944336,
      0.01053476333618164,
      0.010036945343017578,
      0.010009050369262695
    ]
  },
  "convergence": {
    "initial_train_loss": 0.07998212291435762,
    "final_train_loss": 0.001083172619639134,
    "initial_val_loss": 0.038705650717020035,
    "final_val_loss": 0.0026177430991083384,
    "loss_reduction_pct": 98.64573159579803,
    "train_losses": [
      0.07998212291435762,
      0.01720727700740099,
      0.006269520614296198,
      0.002685255550948734,
      0.001959150498309596,
      0.001566231166097251,
      0.0015079657208513129,
      0.0013968834695829587,
      0.0013708295406435025,
      0.0013140069521878931,
      0.0013052300253713672,
      0.0013229160315611146,
      0.0013075333183885298,
      0.0012682443590496075,
      0.001217769210184501,
      0.0011705955522219565,
      0.0011838767571713436,
      0.0011960878936489198,
      0.0011092567530629988,
      0.001083172619639134
    ],
    "val_losses": [
      0.038705650717020035,
      0.013134944252669811,
      0.003300998592749238,
      0.00290505844168365,
      0.0030698124319314957,
      0.002458031289279461,
      0.0027177014853805304,
      0.002716831164434552,
      0.002655207645148039,
      0.0026326249353587627,
      0.0026509768795222044,
      0.0026231880765408278,
      0.0026698061265051365,
      0.0026198499836027622,
      0.0026033215690404177,
      0.002538611413910985,
      0.0026926775462925434,
      0.0024997054133564234,
      0.0026966233272105455,
      0.0026177430991083384
    ]
  },
  "performance": {
    "in_sample_loss": 0.0009536640718579292,
    "out_of_sample_loss": 0.001377602806314826,
    "oos_is_loss_ratio": 1.444536757719077,
    "in_sample_sharpe": 0.6053761223036846,
    "out_of_sample_sharpe": 0.37555144050527334,
    "oos_is_sharpe_ratio": 0.6203605108773672
  },
  "gpu": {
    "device": "cpu",
    "cuda_available": false,
    "cuda_device_name": null
  }
}