{
  "config": {
    "name": "T4 Baseline Benchmark",
    "timestamp": "2026-02-03T16:09:19.838068",
    "training": {
      "num_epochs": 20,
      "learning_rate": 0.001,
      "batch_size": 32,
      "seed": 42,
      "device": "cpu"
    },
    "model": {
      "input_dim": 48,
      "hidden_dim": 64,
      "num_hidden_layers": 3,
      "activation": "tanh",
      "output_activation": "softplus"
    },
    "data": {
      "xstate_path": "E:\\AI Tools\\AI Workflow OS\\projects\\dgsf\\legacy\\DGSF\\data\\full\\xstate_monthly_final.parquet",
      "returns_path": "E:\\AI Tools\\AI Workflow OS\\projects\\dgsf\\legacy\\DGSF\\data\\final\\monthly_returns.parquet"
    }
  },
  "data": {
    "is_real_data": true,
    "n_train": 39,
    "n_val": 8,
    "n_test": 9,
    "n_features": 48
  },
  "model": {
    "n_parameters": 11521
  },
  "timing": {
    "total_training_time_sec": 0.04300355911254883,
    "avg_epoch_time_sec": 0.0021501779556274414,
    "min_epoch_time_sec": 0.001001596450805664,
    "max_epoch_time_sec": 0.004997968673706055,
    "epoch_times": [
      0.004997968673706055,
      0.002000093460083008,
      0.003002643585205078,
      0.0010035037994384766,
      0.0029964447021484375,
      0.001998424530029297,
      0.001001596450805664,
      0.001997232437133789,
      0.0019996166229248047,
      0.0020003318786621094,
      0.0020008087158203125,
      0.002001047134399414,
      0.002000570297241211,
      0.001997709274291992,
      0.0019998550415039062,
      0.002001047134399414,
      0.0019989013671875,
      0.0010073184967041016,
      0.0019941329956054688,
      0.003004312515258789
    ]
  },
  "convergence": {
    "initial_train_loss": 0.11786691844463348,
    "final_train_loss": 0.00435144011862576,
    "initial_val_loss": 0.048553869128227234,
    "final_val_loss": 0.005019532982259989,
    "loss_reduction_pct": 96.30817520637073,
    "train_losses": [
      0.11786691844463348,
      0.05406271107494831,
      0.017443591728806496,
      0.008855958934873343,
      0.021129926666617393,
      0.015784760238602757,
      0.00707256852183491,
      0.009792304830625653,
      0.009717843495309353,
      0.011785965878516436,
      0.008341539301909506,
      0.007227321155369282,
      0.008628180250525475,
      0.008637691382318735,
      0.008989869616925716,
      0.00728962873108685,
      0.007062235614284873,
      0.004159989999607205,
      0.00440804089885205,
      0.00435144011862576
    ],
    "val_losses": [
      0.048553869128227234,
      0.012698201462626457,
      0.011866994202136993,
      0.037277478724718094,
      0.035245656967163086,
      0.017573388293385506,
      0.007630034349858761,
      0.007233975920826197,
      0.008969584479928017,
      0.008442621678113937,
      0.0066591487266123295,
      0.006187148857861757,
      0.008352658711373806,
      0.011717518791556358,
      0.013118323870003223,
      0.011823299340903759,
      0.008720198646187782,
      0.006207460071891546,
      0.0051148333586752415,
      0.005019532982259989
    ]
  },
  "performance": {
    "in_sample_loss": 0.006249508820474148,
    "out_of_sample_loss": 0.0022492206189781427,
    "oos_is_loss_ratio": 0.35990358339993433,
    "in_sample_sharpe": -0.7418965563861061,
    "out_of_sample_sharpe": -0.436538340538338,
    "oos_is_sharpe_ratio": Infinity
  },
  "gpu": {
    "device": "cpu",
    "cuda_available": false,
    "cuda_device_name": null
  }
}