{
  "lambda_mean": [
    -0.00038854505601064693,
    0.011421010567947443,
    0.002622506806035622,
    0.00030311867954357593,
    0.0024960691336491686,
    -0.0035554017752013685
  ],
  "lambda_std": [
    0.007080329929724802,
    0.030444272544492612,
    0.03209266747463154,
    0.034864283753138776,
    0.03454738835172316,
    0.04305155503603315
  ],
  "lambda_tstat": [
    -0.6011439042259533,
    4.10950524985657,
    0.8951615424189728,
    0.0952406963792575,
    0.7914655153222221,
    -0.9046705523602798
  ],
  "avg_r2": 0.5004312934959063,
  "avg_r2_adj": 0.4436621223022593,
  "r2_by_period": [
    0.521278657401892,
    0.7449067526554487,
    0.46829576996020483,
    0.6200217824818337,
    0.32314655476791176,
    0.4454552787623359,
    0.6543403619926023,
    0.3013605847837081,
    0.5977766848509601,
    0.42534111797885965,
    0.5608256328846999,
    0.4489657965777244,
    0.32200140557597545,
    0.5004434516062877,
    0.6454008671762104,
    0.32673717105910116,
    0.25729083580525247,
    0.45561724142922555,
    0.2856555762106736,
    0.7868942360576174,
    0.4308056986440496,
    0.4434565212521685,
    0.19831495720451908,
    0.45814644041779307,
    0.5970284790790796,
    0.5438302429389725,
    0.08866621232373906,
    0.13895974362548313,
    0.6290978022033527,
    0.38059978210151735,
    0.5706332756064797,
    0.17398729088913,
    0.24262218135081448,
    0.2738302687380222,
    0.5260081381445452,
    0.4751822770509645,
    0.7619626452578099,
    0.34724802780346997,
    0.6196305626040274,
    0.5662859682077303,
    0.45601273242747287,
    0.494693316802867,
    0.4534378957822002,
    0.46860082524149516,
    0.4476858196603327,
    0.4591320268144585,
    0.6226579944069335,
    0.5149436951428421,
    0.5125051845064672,
    0.7084897151571027,
    0.6079164556995833,
    0.18962612028678671,
    0.4141783936412984,
    0.35821230794537007,
    0.2744899646889608,
    0.5600554248953706,
    0.5670628676870709,
    0.4932291069781589,
    0.5277108824421544,
    0.5152309676523412,
    0.5692356561354146,
    0.8170052190027717,
    0.5399120018064947,
    0.4204101007526553,
    0.6526116387627621,
    0.2826245377466119,
    0.2698301048890067,
    0.47546920944254445,
    0.857475877293831,
    0.7836499404609492,
    0.585243868794739,
    0.7288480145213393,
    0.2771210954492498,
    0.5299571687412967,
    0.7736404851147036,
    0.6517253602623102,
    0.6483214922485075,
    0.5100685388324757,
    0.31131143707690034,
    0.3816556738942398,
    0.37823760877884405,
    0.6139298205988433,
    0.4696113789607521,
    0.5001709282498439,
    0.8135800684387746,
    0.4611247751807195,
    0.6061793993690798,
    0.49081067003632295,
    0.3259615271992087,
    0.5132098206759557,
    0.6222237402220832,
    0.28745742724548506,
    0.43262814685388473,
    0.5626455322156255,
    0.7053916962198512,
    0.8098336511477799,
    0.554513543548512,
    0.5134168163345485,
    0.528508109861525,
    0.6110296461492164,
    0.6399194224625964,
    0.7172309460506747,
    0.3193685769398914,
    0.2148246128808987,
    0.43406480373092926,
    0.4800292667770467,
    0.8074401232261629,
    0.5091595509720772,
    0.5664805187518279,
    0.42060218794812065,
    0.6965113839678511,
    0.6847494653728439,
    0.44231096467950093,
    0.6383760622149042,
    0.10114234282123558,
    0.5446394585435117,
    0.45623299607924495,
    0.6065296690355538,
    0.5850903786133628,
    0.5165467866034021
  ],
  "avg_pricing_error": 0.003694257620005552,
  "pricing_error_by_asset": [
    0.0023998833225216884,
    0.0008540393565566269,
    -0.004899259167242348,
    -0.0034849981315532557,
    0.002040305925771471,
    0.0030212302055233776,
    0.008865854171123684,
    0.0016412671895523652,
    0.004761787001422329,
    0.00264900949253316,
    0.0051694630407281075,
    0.0014370042965483922,
    -0.011173364223987358,
    -0.00027290512230972175,
    -4.891673229283442e-05,
    -0.0020560885026400313,
    -0.003503768536301694,
    -0.0029065519768092544,
    -0.0036224486312436046,
    -0.007872295145307472,
    -0.0002765913300920974,
    0.007006037763975454,
    -0.003983686078951797,
    0.0019932914253434127,
    -0.002599673068662472,
    -0.004331879693913809,
    -0.0007828335595177183,
    -0.003479149290935125,
    -0.0012935360561441948,
    -0.003137030448974545,
    -0.007383670414336262,
    0.0026966242391134963,
    0.0027145386709022563,
    -0.003199223995149942,
    0.006865269463949726,
    0.0023570855084523914,
    0.001935910138410749,
    0.0065709471302340585,
    -0.0005056080415678237,
    -0.0003773527141796096,
    0.004524479923164068,
    -0.0033265505732082857,
    -0.005668110094193789,
    -0.009709090795257138,
    0.003049084626454226,
    -0.00498250804908247,
    0.0019593425613222424,
    0.0035357957072109647,
    -0.007192971992166026,
    0.004594567473442675
  ],
  "n_periods": 120,
  "n_assets": 50,
  "n_factors": 5,
  "timestamp": "2026-02-03T16:01:38.943629"
}