{
  "feature_names": [
    "momentum_1",
    "momentum_2",
    "momentum_3",
    "momentum_4",
    "momentum_5",
    "momentum_6",
    "value_1",
    "value_2",
    "value_3",
    "value_4",
    "value_5",
    "value_6",
    "size_1",
    "size_2",
    "size_3",
    "size_4",
    "volatility_1",
    "volatility_2",
    "volatility_3",
    "volatility_4",
    "volatility_5",
    "volatility_6",
    "liquidity_1",
    "liquidity_2",
    "liquidity_3",
    "liquidity_4",
    "liquidity_5",
    "liquidity_6",
    "quality_1",
    "quality_2",
    "quality_3",
    "quality_4",
    "quality_5",
    "quality_6",
    "sentiment_1",
    "sentiment_2",
    "sentiment_3",
    "sentiment_4",
    "macro_1",
    "macro_2",
    "macro_3",
    "macro_4",
    "macro_5",
    "technical_1",
    "technical_2",
    "technical_3",
    "technical_4",
    "technical_5"
  ],
  "importance_scores": [
    -5.661463364958763e-06,
    6.484222249127924e-05,
    -9.64077189564705e-06,
    6.293423939496279e-06,
    -3.924599150195718e-06,
    1.6783265164121985e-05,
    4.684296436607838e-06,
    5.1179144065827135e-06,
    -1.1990225175395608e-05,
    2.177752321586013e-05,
    0.00010677141253836452,
    7.373018888756633e-06,
    8.44168826006353e-06,
    2.352885203436017e-05,
    -9.2932372353971e-06,
    4.406452062539756e-05,
    -7.402850314974785e-07,
    5.791086587123573e-05,
    2.9999297112226487e-06,
    2.6536802761256694e-05,
    -6.188842235133052e-06,
    1.504242536611855e-05,
    -7.3674425948411225e-06,
    2.9464485123753547e-06,
    4.843477508984506e-05,
    -1.0761548765003682e-06,
    -3.1863979529589415e-06,
    1.818658784031868e-05,
    6.20233011431992e-05,
    -3.3784349216148255e-05,
    2.2640597308054566e-05,
    2.4080160073935986e-06,
    2.246578806079924e-05,
    2.573201199993491e-05,
    3.277644282206893e-06,
    2.7762859826907515e-05,
    -1.7002341337502002e-06,
    3.1820207368582485e-06,
    2.62336281593889e-05,
    -2.4435401428490875e-06,
    9.224243694916367e-06,
    2.097582910209894e-06,
    1.2054108083248138e-05,
    1.3634597416967154e-05,
    -1.8955598352476955e-05,
    2.5395071133971215e-06,
    1.5678867930546404e-05,
    1.3879564357921481e-05
  ],
  "importance_std": [
    4.69063156377348e-06,
    2.2273582370213968e-05,
    2.7270671839572136e-05,
    4.768225385323768e-06,
    5.046496261250678e-06,
    1.526387429791027e-05,
    7.977295596561146e-06,
    1.9838455408231178e-05,
    2.5136435758973228e-05,
    1.8672695866441025e-05,
    2.7576099800330968e-05,
    9.363371297751542e-06,
    8.184135336879117e-06,
    1.2076726841488661e-05,
    6.56369408351148e-06,
    2.4432136073609082e-05,
    5.07062444266888e-06,
    1.7192164284513803e-05,
    7.646105394413789e-06,
    1.2375313573819101e-05,
    1.8226647113671315e-05,
    5.836922160874277e-06,
    1.2815303898883882e-05,
    6.454628025696723e-06,
    2.5208890661556948e-05,
    6.325031611061837e-06,
    7.99911839316121e-06,
    1.1741321413661978e-05,
    2.4034988602931472e-05,
    2.9514564725888064e-05,
    1.5965909663674502e-05,
    3.273385018975924e-06,
    1.05278385810556e-05,
    1.9291982864587548e-05,
    1.003353929609045e-05,
    2.227524079983393e-05,
    5.572223535185333e-06,
    1.7941196439886354e-05,
    3.7036338064940295e-05,
    1.3844112259366587e-05,
    4.558338148160667e-06,
    1.1479481562252126e-05,
    1.2384304991021945e-05,
    4.636642586779935e-06,
    3.2508830137759634e-05,
    1.8807196010406658e-05,
    6.660945953272895e-06,
    8.711428942076474e-06
  ],
  "ranking": [
    10,
    1,
    28,
    17,
    24,
    15,
    35,
    19,
    38,
    33,
    13,
    30,
    32,
    9,
    27,
    5,
    46,
    21,
    47,
    43,
    42,
    40,
    12,
    11,
    3,
    7,
    6,
    34,
    37,
    18,
    23,
    45,
    31,
    41,
    16,
    25,
    36,
    39,
    26,
    4,
    0,
    20,
    22,
    14,
    2,
    8,
    44,
    29
  ],
  "top_k_features": [
    "value_5",
    "momentum_2",
    "quality_1",
    "volatility_2",
    "liquidity_3",
    "size_4",
    "sentiment_2",
    "volatility_4",
    "macro_1",
    "quality_6"
  ],
  "top_k_scores": [
    0.00010677141253836452,
    6.484222249127924e-05,
    6.20233011431992e-05,
    5.791086587123573e-05,
    4.843477508984506e-05,
    4.406452062539756e-05,
    2.7762859826907515e-05,
    2.6536802761256694e-05,
    2.62336281593889e-05,
    2.573201199993491e-05
  ],
  "cumulative_importance": [
    0.14301588316021352,
    0.22986935353393614,
    0.3129469955602537,
    0.390516200933195,
    0.45539257533398836,
    0.514415174955477,
    0.5516023753755493,
    0.5871473231562659,
    0.6222861811194268,
    0.6567531450208137,
    0.6882690674333876,
    0.7185952094437569,
    0.7486872017104221,
    0.7778572917346521,
    0.8022174726090917,
    0.8246979609036201,
    0.8456991548630401,
    0.8658478603775808,
    0.8844389617532784,
    0.9027019400614549,
    0.9188479183926395,
    0.9312034106274124,
    0.9425107022813689,
    0.9523865555913884,
    0.9608163361984894,
    0.9676715704919647,
    0.9739459914810566,
    0.9783362601921353,
    0.9825984451262567,
    0.9866167266762448,
    0.990563372376301,
    0.9939649369335146,
    0.9971903746023999,
    1.0,
    1.0,
    1.0,
    1.0,
    1.0,
    1.0,
    1.0,
    1.0,
    1.0,
    1.0,
    1.0,
    1.0,
    1.0,
    1.0,
    1.0
  ],
  "timestamp": "2026-02-03T16:01:39.020266"
}