{
  "config": {
    "name": "T4.3 Mixed Precision Benchmark",
    "timestamp": "2026-02-03T15:35:11.628767",
    "training": {
      "num_epochs": 20,
      "learning_rate": 0.001,
      "batch_size": 32,
      "seed": 42,
      "device": "cpu"
    },
    "model": {
      "input_dim": 48,
      "hidden_dim": 64,
      "num_hidden_layers": 3
    }
  },
  "fp32_results": {
    "precision": "FP32",
    "train_losses": [
      0.07938428832726045,
      0.016470979433506727,
      0.005892574660141359,
      0.0024401412916962395,
      0.0018194073768840594,
      0.0015671824644827707,
      0.0015578954057259994,
      0.001456533341710879,
      0.0013699872493320568,
      0.00137435024688867,
      0.0013243849177590826,
      0.0013018712792968886,
      0.0012630731375379996,
      0.001254470616748387,
      0.0012292746263979511,
      0.0012277911353686993,
      0.0011562562484124844,
      0.0011004521458579059,
      0.0011358310902406547,
      0.0011213877534663136
    ],
    "val_losses": [
      0.036592476069927216,
      0.010780109092593193,
      0.0030942761804908514,
      0.0024125981144607067,
      0.002127713058143854,
      0.002060578903183341,
      0.0020167147740721703,
      0.002086211694404483,
      0.002008722396567464,
      0.002131013898178935,
      0.002034479286521673,
      0.0020371766295284033,
      0.0020257250871509314,
      0.0019423464545980096,
      0.002076950157061219,
      0.0020120313856750727,
      0.0020697552245110273,
      0.001992238452658057,
      0.0019723838195204735,
      0.002110966481268406
    ],
    "epoch_times": [
      0.01245570182800293,
      0.00856161117553711,
      0.010111808776855469,
      0.00903010368347168,
      0.010036706924438477,
      0.010027885437011719,
      0.009019136428833008,
      0.00901484489440918,
      0.00904536247253418,
      0.008009195327758789,
      0.008006572723388672,
      0.009111166000366211,
      0.009363889694213867,
      0.01001429557800293,
      0.007509946823120117,
      0.008506536483764648,
      0.008014678955078125,
      0.009602785110473633,
      0.010021448135375977,
      0.007880449295043945
    ],
    "total_time_sec": 0.1857597827911377,
    "final_train_loss": 0.0011213877534663136,
    "final_val_loss": 0.002110966481268406,
    "avg_epoch_time": 0.009167206287384034,
    "final_predictions": [
      [
        0.9964463710784912
      ],
      [
        1.0091091394424438
      ],
      [
        0.9563823342323303
      ],
      [
        1.0000628232955933
      ],
      [
        0.9845200181007385
      ],
      [
        1.0133980512619019
      ],
      [
        0.9905736446380615
      ],
      [
        0.9908967018127441
      ],
      [
        1.0041086673736572
      ],
      [
        1.0019915103912354
      ]
    ]
  },
  "fp16_results": {
    "precision": "FP16 (CPU fallback to FP32)",
    "amp_used": false,
    "train_losses": [
      0.07938428832726045,
      0.016470979433506727,
      0.005892574660141359,
      0.0024401412916962395,
      0.0018194073768840594,
      0.0015671824644827707,
      0.0015578954057259994,
      0.001456533341710879,
      0.0013699872493320568,
      0.00137435024688867,
      0.0013243849177590826,
      0.0013018712792968886,
      0.0012630731375379996,
      0.001254470616748387,
      0.0012292746263979511,
      0.0012277911353686993,
      0.0011562562484124844,
      0.0011004521458579059,
      0.0011358310902406547,
      0.0011213877534663136
    ],
    "val_losses": [
      0.036592476069927216,
      0.010780109092593193,
      0.0030942761804908514,
      0.0024125981144607067,
      0.002127713058143854,
      0.002060578903183341,
      0.0020167147740721703,
      0.002086211694404483,
      0.002008722396567464,
      0.002131013898178935,
      0.002034479286521673,
      0.0020371766295284033,
      0.0020257250871509314,
      0.0019423464545980096,
      0.002076950157061219,
      0.0020120313856750727,
      0.0020697552245110273,
      0.001992238452658057,
      0.0019723838195204735,
      0.002110966481268406
    ],
    "epoch_times": [
      0.008510828018188477,
      0.008548974990844727,
      0.010020971298217773,
      0.009762048721313477,
      0.010019779205322266,
      0.009014606475830078,
      0.006560087203979492,
      0.008523941040039062,
      0.007017850875854492,
      0.011030912399291992,
      0.009015560150146484,
      0.009021759033203125,
      0.010010480880737305,
      0.009021520614624023,
      0.009002685546875,
      0.009551763534545898,
      0.009013891220092773,
      0.009455680847167969,
      0.008063316345214844,
      0.008294105529785156
    ],
    "total_time_sec": 0.18397760391235352,
    "final_train_loss": 0.0011213877534663136,
    "final_val_loss": 0.002110966481268406,
    "avg_epoch_time": 0.008973038196563721,
    "final_predictions": [
      [
        0.9964463710784912
      ],
      [
        1.0091091394424438
      ],
      [
        0.9563823342323303
      ],
      [
        1.0000628232955933
      ],
      [
        0.9845200181007385
      ],
      [
        1.0133980512619019
      ],
      [
        0.9905736446380615
      ],
      [
        0.9908967018127441
      ],
      [
        1.0041086673736572
      ],
      [
        1.0019915103912354
      ]
    ]
  },
  "comparison": {
    "speedup": 1.0096869338489332,
    "loss_diff_pct": 0.0,
    "prediction_diff_pct": 0.0,
    "assessment": "CPU_ONLY_NO_BENEFIT"
  },
  "recommendation": {
    "use_fp16": false,
    "rationale": "Enable for GPU training; minimal benefit on CPU"
  }
}