{
  "pricing_error_mean": 0.016050081700086594,
  "pricing_error_std": 0.0037183056119829416,
  "pricing_error_max": 0.021957527846097946,
  "is_sharpe": -2.7417000580558994,
  "oos_sharpe": -3.1919182440694303,
  "sharpe_ratio": 1.16421132015906,
  "alpha": -0.5211239457130432,
  "alpha_t_stat": -11.190150260925293,
  "alpha_p_value": 0.0,
  "hj_distance": 0.8233625132653044,
  "hj_se": 0.06722726769451805,
  "cs_r2": 0.9984287023544312,
  "cs_rmse": 0.0001489174464950338,
  "n_samples": 150,
  "timestamp": "2026-02-03T15:55:16.709585"
}